[
	{
		"id": "bool_prefer_mp4a_codec",
		"type": "bool",
		"label": "Prefer MP4A AAC Codec (Improves compatibility with Apple devices)",
		"default": "True",
		"secure": "false"
	},
	{
		"id": "int_plexapi_plexapi_timeout",
		"type": "text",
		"label": "PlexAPI Timeout, in seconds (min: 1)",
		"default": "180",
		"secure": "false"
	},
	{
		"id": "int_plexapi_upload_retries_max",
		"type": "text",
		"label": "Max Retries, integer (min: 0)",
		"default": "6",
		"secure": "false"
	},
	{
		"id": "int_plexapi_upload_threads",
		"type": "text",
		"label": "Multiprocessing Threads, integer (min: 1)",
		"default": "3",
		"secure": "false"
	},
	{
		"id": "str_youtube_user",
		"type": "text",
		"label": "YouTube Username",
		"default": "",
		"secure": "true"
	},
	{
		"id": "str_youtube_passwd",
		"type": "text",
		"label": "YouTube Password",
		"default": "",
		"option": "hidden",
		"secure": "true"
	}
]
