[
	{
		"id": "bool_plex_movie_support",
		"type": "bool",
		"label": "bool_plex_movie_support",
		"default": "True",
		"secure": "false"
	},
	{
		"id": "bool_plex_series_support",
		"type": "bool",
		"label": "bool_plex_series_support",
		"default": "True",
		"secure": "false"
	},
	{
		"id": "bool_overwrite_plex_provided_themes",
		"type": "bool",
		"label": "bool_overwrite_plex_provided_themes",
		"default": "False",
		"secure": "false"
	},
	{
		"id": "bool_prefer_mp4a_codec",
		"type": "bool",
		"label": "bool_prefer_mp4a_codec",
		"default": "True",
		"secure": "false"
	},
	{
		"id": "bool_remove_unused_theme_songs",
		"type": "bool",
		"label": "bool_remove_unused_theme_songs",
		"default": "True",
		"secure": "false"
	},
	{
		"id": "bool_remove_unused_art",
		"type": "bool",
		"label": "bool_remove_unused_art",
		"default": "False",
		"secure": "false"
	},
	{
		"id": "bool_remove_unused_posters",
		"type": "bool",
		"label": "bool_remove_unused_posters",
		"default": "False",
		"secure": "false"
	},
	{
		"id": "bool_auto_update_items",
		"type": "bool",
		"label": "bool_auto_update_items",
		"default": "True",
		"secure": "false"
	},
	{
		"id": "bool_auto_update_movie_themes",
		"type": "bool",
		"label": "bool_auto_update_movie_themes",
		"default": "True",
		"secure": "false"
	},
	{
		"id": "bool_auto_update_tv_themes",
		"type": "bool",
		"label": "bool_auto_update_tv_themes",
		"default": "True",
		"secure": "false"
	},
	{
		"id": "bool_auto_update_collection_themes",
		"type": "bool",
		"label": "bool_auto_update_collection_themes",
		"default": "True",
		"secure": "false"
	},
	{
		"id": "bool_update_collection_metadata_plex_movie",
		"type": "bool",
		"label": "bool_update_collection_metadata_plex_movie",
		"default": "False",
		"secure": "false"
	},
	{
		"id": "bool_update_collection_metadata_legacy",
		"type": "bool",
		"label": "bool_update_collection_metadata_legacy",
		"default": "True",
		"secure": "false"
	},
	{
		"id": "int_update_themes_interval",
		"type": "text",
		"label": "int_update_themes_interval",
		"default": "60",
		"secure": "false"
	},
	{
		"id": "int_update_database_cache_interval",
		"type": "text",
		"label": "int_update_database_cache_interval",
		"default": "60",
		"secure": "false"
	},
	{
		"id": "int_plexapi_plexapi_timeout",
		"type": "text",
		"label": "int_plexapi_plexapi_timeout",
		"default": "180",
		"secure": "false"
	},
	{
		"id": "int_plexapi_upload_retries_max",
		"type": "text",
		"label": "int_plexapi_upload_retries_max",
		"default": "6",
		"secure": "false"
	},
	{
		"id": "int_plexapi_upload_threads",
		"type": "text",
		"label": "int_plexapi_upload_threads",
		"default": "3",
		"secure": "false"
	},
	{
		"id": "str_youtube_cookies",
		"type": "text",
		"label": "str_youtube_cookies",
		"default": "",
		"secure": "true"
	},
	{
		"id": "enum_webapp_locale",
		"type": "enum",
		"label": "enum_webapp_locale",
		"default": "en",
		"values": [
			"de",
			"en",
			"en_GB",
			"en_US",
			"es",
			"fr",
			"it",
			"ja",
			"pt",
			"ru",
			"sv",
			"tr",
			"zh"
		]
	},
	{
		"id": "str_webapp_http_host",
		"type": "text",
		"label": "str_webapp_http_host",
		"default": "0.0.0.0",
		"secure": "false"
	},
	{
		"id": "int_webapp_http_port",
		"type": "text",
		"label": "int_webapp_http_port",
		"default": "9494",
		"secure": "false"
	},
	{
		"id": "bool_webapp_log_werkzeug_messages",
		"type": "bool",
		"label": "bool_webapp_log_werkzeug_messages",
		"default": "False",
		"secure": "false"
	},
	{
		"id": "bool_migrate_locked_themes",
		"type": "bool",
		"label": "bool_migrate_locked_themes",
		"default": "False",
		"secure": "false"
	},
	{
		"id": "bool_migrate_locked_collection_fields",
		"type": "bool",
		"label": "bool_migrate_locked_collection_fields",
		"default": "False",
		"secure": "false"
	},
	{
		"id": "bool_ignore_locked_fields",
		"type": "bool",
		"label": "bool_ignore_locked_fields",
		"default": "False",
		"secure": "false"
	}
]
