[
	{
		"id": "int_plexapi_plexapi_timeout",
		"type": "text",
		"label": "PlexAPI Timeout, in seconds (requires a Plex Media Server restart)",
		"default": "180",
		"secure": "false"
	},
	{
		"id": "str_youtube_user",
		"type": "text",
		"label": "YouTube Username",
		"default": "",
		"secure": "true"
	},
	{
		"id": "str_youtube_passwd",
		"type": "text",
		"label": "YouTube Password",
		"default": "",
		"option": "hidden",
		"secure": "true"
	},
	{
		"id": "url_plex_server",
		"type": "text",
		"label": "Plex Server URL",
		"default": "http://localhost:32400",
		"secure": "true"
	},
	{
		"id": "str_plex_token",
		"type": "text",
		"label": "Plex token",
		"default": "",
		"option": "hidden",
		"secure": "true"
	}
]
