[
	{
		"id": "int_plexapi_plexapi_timeout",
		"type": "text",
		"label": "PlexAPI Timeout, in seconds (min: 1)",
		"default": "180",
		"secure": "false"
	},
	{
		"id": "int_plexapi_upload_threads",
		"type": "text",
		"label": "Multiprocessing Threads, integer (min: 1)",
		"default": "3",
		"secure": "false"
	},
	{
		"id": "str_youtube_user",
		"type": "text",
		"label": "YouTube Username",
		"default": "",
		"secure": "true"
	},
	{
		"id": "str_youtube_passwd",
		"type": "text",
		"label": "YouTube Password",
		"default": "",
		"option": "hidden",
		"secure": "true"
	}
]
