<?xml version='1.0' encoding='UTF-8' standalone='yes'?>
<addon id="service.themerr" name="Themerr" version="2023.1229.23012" provider-name="LizardByte">
  <extension point="xbmc.service" library="service.py"/>
  <extension point="xbmc.python.module" library="resources/lib"/>
  <extension point="xbmc.addon.metadata">
    <assets>
      <clearlogo>resources/assets/images/clearlogo.png</clearlogo>
      <icon>resources/assets/images/icon.png</icon>
      <fanart>resources/assets/images/fanart.jpg</fanart>
      <screenshot>resources/assets/images/screenshot-01.jpg</screenshot>
      <screenshot>resources/assets/images/screenshot-02.jpg</screenshot>
      <screenshot>resources/assets/images/screenshot-03.jpg</screenshot>
      <banner>resources/assets/images/banner.jpg</banner>
    </assets>
    <description lang="en">Plugin for Kodi that adds theme songs to movies using ThemerrDB.</description>
    <license>AGPL-3.0-only</license>
    <platform>all</platform>
    <source>https://github.com/LizardByte/Themerr-kodi</source>
    <website>https://app.lizardbyte.dev/</website>
    <summary lang="en">Play theme songs while browsing movies</summary>
  </extension>
  <requires>
    <import addon="xbmc.python" version="3.0.1"/>
    <import addon="script.module.requests" version="2.31.0"/>
    <import addon="script.module.youtube.dl" version="23.04.01+matrix.1"/>
  </requires>
</addon>
