{
    "category": "Metadata",
    "changelog": "see LizardByte/Themerr-jellyfin on GitHub",
    "description": "Automatically add theme songs to movies and tv shows using ThemerrDB",
    "guid": "e41ef0c4-c413-41ba-b4fa-8c565dc3c969",
    "image": "themerr-jellyfin.png",
    "name": "Themerr",
    "overview": "Automatically add theme songs to movies and tv shows using ThemerrDB",
    "owner": "LizardByte",
    "targetAbi": "10.9.1.0",
    "timestamp": "2024-05-23T21:55:01Z",
    "version": "2024.523.2124.32"
}